Location,Rainfall
Egypt,1.6824053452115812
France,2.35427974947808
Japan,1.6441347270615565
Russia,0.8417124039517013
Australia,2.4189497716894977
Argentina,2.076581576026637
Brazil,1.768797399783315
Germany,3.138155136268344
Mexico,6.012741751990898
India,1.7323874755381603
United Kingdom,1.1941769316909296
South Africa,4.503850509626274
Canada,2.397945205479452
China,4.591794871794872
